id,date,username,tweet_text,location
"1,2025-01-15,@warga_jkt,""BPBD Jakarta cepat tanggap, semoga bantuan sampai ke warga terdampak banjir."",""Jakarta"""
"2,2025-01-18,@bencana_ntb,""Sudah 3 hari gempa, tapi logistik belum merata. Kecewa sama respon pemerintah."",""NTB"""
"3,2025-01-20,@relawan_sby,""Alhamdulillah tim SAR sudah mulai evakuasi korban longsor di Malang. Semangat tim!"",""Jawa Timur"""
"4,2025-01-22,@ibukota_care,""Kenapa bantuan selalu telat? Warga butuh makanan dan obat-obatan sekarang!"",""DKI Jakarta"""
"5,2025-01-25,@pemda_jabar,""Pemprov Jabar telah menyalurkan 500 paket sembako ke wilayah terdampak banjir Bandung."",""Jawa Barat"""
"6,2025-01-28,@siti_malang,""Terima kasih Pak Gubernur, bantuan sudah sampai. Kami sangat bersyukur."",""Jawa Timur"""
"7,2025-02-01,@gus_dar,""BNPB harus lebih transparan soal distribusi bantuan. Jangan sampai ada yang korupsi lagi."",""Nasional"""
"8,2025-02-03,@kompas_bencana,""Update: 80% wilayah Aceh sudah mendapat bantuan pasca-gempa. Masih ada daerah terisolir."",""Aceh"""
"9,2025-02-05,@warga_kaltim,""Kami di Kutai Kartanegara masih belum dapat bantuan. Tolong diperhatikan!"",""Kalimantan Timur"""
"10,2025-02-07,@dinas_sosial,""Dinas Sosial Provinsi Riau menyalurkan bantuan darurat ke 10 kecamatan terdampak banjir."",""Riau"""
"11,2025-02-09,@anak_papua,""Di Papua, bantuan sering tertahan di jalan. Logistik harus dikirim via udara."",""Papua"""
"12,2025-02-11,@bencana_sulsel,""Banjir di Makassar sudah surut, tapi pembersihan lingkungan masih lambat."",""Sulawesi Selatan"""
"13,2025-02-13,@pak_riki,""Saya apresiasi BPBD Sulut yang sigap. Tim medis datang 2 jam setelah laporan."",""Sulawesi Utara"""
"14,2025-02-15,@korban_gempa,""Saya kehilangan rumah, tapi setidaknya ada tempat pengungsian. Terima kasih pemerintah."",""NTB"""
"15,2025-02-17,@media_indo,""BNPB: Total bantuan yang disalurkan sejak Januari mencapai Rp 120 Miliar."",""Nasional"""
"16,2025-02-19,@warga_banten,""Kenapa kami di Lebak belum dapat bantuan? Padahal banjir sudah seminggu."",""Banten"""
"17,2025-02-21,@relawan_maluku,""Tim relawan dari Maluku sudah bergerak ke Halmahera. Butuh dukungan logistik tambahan."",""Maluku"""
"18,2025-02-23,@bpbd_jogja,""BPBD DIY mempercepat distribusi tenda dan air bersih ke wilayah Sleman."",""DI Yogyakarta"""
"19,2025-02-25,@warga_lampung,""Logistik datang tapi tidak sesuai kebutuhan. Kami butuh susu dan popok bayi, bukan mie instan."",""Lampung"""
"20,2025-02-27,@pemda_bali,""Pemprov Bali memberikan bantuan uang tunai kepada warga terdampak banjir di Badung."",""Bali"""
"21,2025-03-01,@guru_bencana,""Guru-guru di daerah terdampak butuh bantuan psikologis juga, bukan hanya fisik."",""Nasional"""
"22,2025-03-03,@warga_kediri,""Saya sudah dua minggu di pengungsian, belum ada bantuan kesehatan. Mohon perhatian."",""Jawa Timur"""
"23,2025-03-05,@dinas_kesehatan,""Dinas Kesehatan Jateng menyediakan layanan konseling gratis bagi korban bencana."",""Jawa Tengah"""
"24,2025-03-07,@bencana_sumbar,""Banjir di Solok masih parah. BPBD Sumbar diminta lebih cepat bertindak."",""Sumatera Barat"""
"25,2025-03-09,@warga_solo,""Terima kasih Pak Wali, bantuan sudah sampai. Kami sangat lega."",""Jawa Tengah"""
"26,2025-03-11,@korban_longson,""Saya kehilangan keluarga, tapi pemerintah memberi tempat tinggal sementara. Syukur alhamdulillah."",""Jawa Barat"""
"27,2025-03-13,@media_bencana,""BNPB: 95% wilayah terdampak sudah terlayani. Masih ada 5% daerah sulit dijangkau."",""Nasional"""
"28,2025-03-15,@warga_palopo,""Di Palopo, bantuan datang tapi tidak merata. Ada yang dapat 2x, ada yang belum dapat sama sekali."",""Sulawesi Selatan"""
"29,2025-03-17,@relawan_nusantara,""Relawan dari 10 provinsi sudah bergerak ke NTT. Butuh dukungan transportasi."",""Nusa Tenggara Timur"""
"30,2025-03-19,@pemda_kalteng,""Pemprov Kalteng menyalurkan bantuan ke 5 kabupaten terdampak kebakaran hutan."",""Kalimantan Tengah"""
"31,2025-03-21,@warga_madiun,""Kami di Madiun sudah dapat bantuan, tapi masih butuh obat-obatan dan alat kesehatan."",""Jawa Timur"""
"32,2025-03-23,@bpbd_sumsel,""BPBD Sumsel mempercepat distribusi bantuan ke wilayah OKU Timur."",""Sumatera Selatan"""
"33,2025-03-25,@korban_banjir,""Saya sudah 3 minggu di pengungsian, belum ada rencana pemulihan. Kapan pulang rumah?"",""DKI Jakarta"""
"34,2025-03-27,@dinas_lingkungan,""Dinas Lingkungan Hidup DKI membersihkan sungai agar banjir tidak terulang."",""DKI Jakarta"""
"35,2025-03-29,@warga_banyuwangi,""Di Banyuwangi, bantuan datang tepat waktu. Terima kasih tim SAR dan BPBD."",""Jawa Timur"""
"36,2025-04-01,@pemda_bengkulu,""Pemprov Bengkulu memberikan bantuan uang tunai kepada warga terdampak longsor."",""Bengkulu"""
"37,2025-04-03,@bencana_jambi,""Banjir di Jambi masih berlangsung. BPBD diminta lebih proaktif."",""Jambi"""
"38,2025-04-05,@warga_kupang,""Kami di Kupang sudah dapat bantuan, tapi masih butuh air bersih dan listrik."",""Nusa Tenggara Timur"""
"39,2025-04-07,@relawan_sultra,""Tim relawan Sultra sudah bergerak ke Konawe. Butuh dukungan logistik tambahan."",""Sulawesi Tenggara"""
"40,2025-04-09,@bpbd_kaltim,""BPBD Kaltim menyalurkan bantuan ke 3 kabupaten terdampak banjir."",""Kalimantan Timur"""
"41,2025-04-11,@warga_cirebon,""Saya apresiasi BPBD Cirebon yang sigap. Bantuan datang dalam 24 jam."",""Jawa Barat"""
"42,2025-04-13,@korban_gempa_jatim,""Saya kehilangan rumah, tapi setidaknya ada tempat pengungsian. Terima kasih pemerintah."",""Jawa Timur"""
"43,2025-04-15,@media_nasional,""BNPB: Total bantuan yang disalurkan sejak Januari mencapai Rp 150 Miliar."",""Nasional"""
"44,2025-04-17,@warga_tegal,""Kenapa kami di Tegal belum dapat bantuan? Padahal banjir sudah seminggu."",""Jawa Tengah"""
"45,2025-04-19,@dinas_sosial_jateng,""Dinas Sosial Jateng menyalurkan bantuan darurat ke 15 kecamatan terdampak banjir."",""Jawa Tengah"""
"46,2025-04-21,@pemda_bali,""Pemprov Bali memberikan bantuan uang tunai kepada warga terdampak banjir di Badung."",""Bali"""
"47,2025-04-23,@warga_malang,""Kami di Malang sudah dapat bantuan, tapi masih butuh obat-obatan dan alat kesehatan."",""Jawa Timur"""
"48,2025-04-25,@bpbd_jogja,""BPBD DIY mempercepat distribusi tenda dan air bersih ke wilayah Sleman."",""DI Yogyakarta"""
"49,2025-04-27,@korban_longson,""Saya kehilangan keluarga, tapi pemerintah memberi tempat tinggal sementara. Syukur alhamdulillah."",""Jawa Barat"""
"50,2025-04-29,@media_bencana,""BNPB: 95% wilayah terdampak sudah terlayani. Masih ada 5% daerah sulit dijangkau."",""Nasional"""
"51,2025-05-01,@warga_palopo,""Di Palopo, bantuan datang tapi tidak merata. Ada yang dapat 2x, ada yang belum dapat sama sekali."",""Sulawesi Selatan"""
"52,2025-05-03,@relawan_nusantara,""Relawan dari 10 provinsi sudah bergerak ke NTT. Butuh dukungan transportasi."",""Nusa Tenggara Timur"""
"53,2025-05-05,@pemda_kalteng,""Pemprov Kalteng menyalurkan bantuan ke 5 kabupaten terdampak kebakaran hutan."",""Kalimantan Tengah"""
"54,2025-05-07,@warga_madiun,""Kami di Madiun sudah dapat bantuan, tapi masih butuh obat-obatan dan alat kesehatan."",""Jawa Timur"""
"55,2025-05-09,@bpbd_sumsel,""BPBD Sumsel mempercepat distribusi bantuan ke wilayah OKU Timur."",""Sumatera Selatan"""
"56,2025-05-11,@korban_banjir,""Saya sudah 3 minggu di pengungsian, belum ada rencana pemulihan. Kapan pulang rumah?"",""DKI Jakarta"""
"57,2025-05-13,@dinas_lingkungan,""Dinas Lingkungan Hidup DKI membersihkan sungai agar banjir tidak terulang."",""DKI Jakarta"""
"58,2025-05-15,@warga_banyuwangi,""Di Banyuwangi, bantuan datang tepat waktu. Terima kasih tim SAR dan BPBD."",""Jawa Timur"""
"59,2025-05-17,@pemda_bengkulu,""Pemprov Bengkulu memberikan bantuan uang tunai kepada warga terdampak longsor."",""Bengkulu"""
"60,2025-05-19,@bencana_jambi,""Banjir di Jambi masih berlangsung. BPBD diminta lebih proaktif."",""Jambi"""
"61,2025-05-21,@warga_kupang,""Kami di Kupang sudah dapat bantuan, tapi masih butuh air bersih dan listrik."",""Nusa Tenggara Timur"""
"62,2025-05-23,@relawan_sultra,""Tim relawan Sultra sudah bergerak ke Konawe. Butuh dukungan logistik tambahan."",""Sulawesi Tenggara"""
"63,2025-05-25,@bpbd_kaltim,""BPBD Kaltim menyalurkan bantuan ke 3 kabupaten terdampak banjir."",""Kalimantan Timur"""
"64,2025-05-27,@warga_cirebon,""Saya apresiasi BPBD Cirebon yang sigap. Bantuan datang dalam 24 jam."",""Jawa Barat"""
"65,2025-05-29,@korban_gempa_jatim,""Saya kehilangan rumah, tapi setidaknya ada tempat pengungsian. Terima kasih pemerintah."",""Jawa Timur"""
"66,2025-06-01,@media_nasional,""BNPB: Total bantuan yang disalurkan sejak Januari mencapai Rp 180 Miliar."",""Nasional"""
"67,2025-06-03,@warga_tegal,""Kenapa kami di Tegal belum dapat bantuan? Padahal banjir sudah seminggu."",""Jawa Tengah"""
"68,2025-06-05,@dinas_sosial_jateng,""Dinas Sosial Jateng menyalurkan bantuan darurat ke 15 kecamatan terdampak banjir."",""Jawa Tengah"""
"69,2025-06-07,@pemda_bali,""Pemprov Bali memberikan bantuan uang tunai kepada warga terdampak banjir di Badung."",""Bali"""
"70,2025-06-09,@warga_malang,""Kami di Malang sudah dapat bantuan, tapi masih butuh obat-obatan dan alat kesehatan."",""Jawa Timur"""
"71,2025-06-11,@bpbd_jogja,""BPBD DIY mempercepat distribusi tenda dan air bersih ke wilayah Sleman."",""DI Yogyakarta"""
"72,2025-06-13,@korban_longson,""Saya kehilangan keluarga, tapi pemerintah memberi tempat tinggal sementara. Syukur alhamdulillah."",""Jawa Barat"""
"73,2025-06-15,@media_bencana,""BNPB: 95% wilayah terdampak sudah terlayani. Masih ada 5% daerah sulit dijangkau."",""Nasional"""
"74,2025-06-17,@warga_palopo,""Di Palopo, bantuan datang tapi tidak merata. Ada yang dapat 2x, ada yang belum dapat sama sekali."",""Sulawesi Selatan"""
"75,2025-06-19,@relawan_nusantara,""Relawan dari 10 provinsi sudah bergerak ke NTT. Butuh dukungan transportasi."",""Nusa Tenggara Timur"""
"76,2025-06-21,@pemda_kalteng,""Pemprov Kalteng menyalurkan bantuan ke 5 kabupaten terdampak kebakaran hutan."",""Kalimantan Tengah"""
"77,2025-06-23,@warga_madiun,""Kami di Madiun sudah dapat bantuan, tapi masih butuh obat-obatan dan alat kesehatan."",""Jawa Timur"""
"78,2025-06-25,@bpbd_sumsel,""BPBD Sumsel mempercepat distribusi bantuan ke wilayah OKU Timur."",""Sumatera Selatan"""
"79,2025-06-27,@korban_banjir,""Saya sudah 3 minggu di pengungsian, belum ada rencana pemulihan. Kapan pulang rumah?"",""DKI Jakarta"""
"80,2025-06-29,@dinas_lingkungan,""Dinas Lingkungan Hidup DKI membersihkan sungai agar banjir tidak terulang."",""DKI Jakarta"""
"81,2025-07-01,@warga_banyuwangi,""Di Banyuwangi, bantuan datang tepat waktu. Terima kasih tim SAR dan BPBD."",""Jawa Timur"""
"82,2025-07-03,@pemda_bengkulu,""Pemprov Bengkulu memberikan bantuan uang tunai kepada warga terdampak longsor."",""Bengkulu"""
"83,2025-07-05,@bencana_jambi,""Banjir di Jambi masih berlangsung. BPBD diminta lebih proaktif."",""Jambi"""
"84,2025-07-07,@warga_kupang,""Kami di Kupang sudah dapat bantuan, tapi masih butuh air bersih dan listrik."",""Nusa Tenggara Timur"""
"85,2025-07-09,@relawan_sultra,""Tim relawan Sultra sudah bergerak ke Konawe. Butuh dukungan logistik tambahan."",""Sulawesi Tenggara"""
"86,2025-07-11,@bpbd_kaltim,""BPBD Kaltim menyalurkan bantuan ke 3 kabupaten terdampak banjir."",""Kalimantan Timur"""
"87,2025-07-13,@warga_cirebon,""Saya apresiasi BPBD Cirebon yang sigap. Bantuan datang dalam 24 jam."",""Jawa Barat"""
"88,2025-07-15,@korban_gempa_jatim,""Saya kehilangan rumah, tapi setidaknya ada tempat pengungsian. Terima kasih pemerintah."",""Jawa Timur"""
"89,2025-07-17,@media_nasional,""BNPB: Total bantuan yang disalurkan sejak Januari mencapai Rp 200 Miliar."",""Nasional"""
"90,2025-07-19,@warga_tegal,""Kenapa kami di Tegal belum dapat bantuan? Padahal banjir sudah seminggu."",""Jawa Tengah"""
"91,2025-07-21,@dinas_sosial_jateng,""Dinas Sosial Jateng menyalurkan bantuan darurat ke 15 kecamatan terdampak banjir."",""Jawa Tengah"""
"92,2025-07-23,@pemda_bali,""Pemprov Bali memberikan bantuan uang tunai kepada warga terdampak banjir di Badung."",""Bali"""
"93,2025-07-25,@warga_malang,""Kami di Malang sudah dapat bantuan, tapi masih butuh obat-obatan dan alat kesehatan."",""Jawa Timur"""
"94,2025-07-27,@bpbd_jogja,""BPBD DIY mempercepat distribusi tenda dan air bersih ke wilayah Sleman."",""DI Yogyakarta"""
"95,2025-07-29,@korban_longson,""Saya kehilangan keluarga, tapi pemerintah memberi tempat tinggal sementara. Syukur alhamdulillah."",""Jawa Barat"""
"96,2025-08-01,@media_bencana,""BNPB: 95% wilayah terdampak sudah terlayani. Masih ada 5% daerah sulit dijangkau."",""Nasional"""
"97,2025-08-03,@warga_palopo,""Di Palopo, bantuan datang tapi tidak merata. Ada yang dapat 2x, ada yang belum dapat sama sekali."",""Sulawesi Selatan"""
"98,2025-08-05,@relawan_nusantara,""Relawan dari 10 provinsi sudah bergerak ke NTT. Butuh dukungan transportasi."",""Nusa Tenggara Timur"""
"99,2025-08-07,@pemda_kalteng,""Pemprov Kalteng menyalurkan bantuan ke 5 kabupaten terdampak kebakaran hutan."",""Kalimantan Tengah"""
"100,2025-08-09,@warga_madiun,""Kami di Madiun sudah dapat bantuan, tapi masih butuh obat-obatan dan alat kesehatan."",""Jawa Timur"""
"101,2025-08-11,@bpbd_sumsel,""BPBD Sumsel mempercepat distribusi bantuan ke wilayah OKU Timur."",""Sumatera Selatan"""
"102,2025-08-13,@korban_banjir,""Saya sudah 3 minggu di pengungsian, belum ada rencana pemulihan. Kapan pulang rumah?"",""DKI Jakarta"""
"103,2025-08-15,@dinas_lingkungan,""Dinas Lingkungan Hidup DKI membersihkan sungai agar banjir tidak terulang."",""DKI Jakarta"""
"104,2025-08-17,@warga_banyuwangi,""Di Banyuwangi, bantuan datang tepat waktu. Terima kasih tim SAR dan BPBD."",""Jawa Timur"""
"105,2025-08-19,@pemda_bengkulu,""Pemprov Bengkulu memberikan bantuan uang tunai kepada warga terdampak longsor."",""Bengkulu"""
"106,2025-08-21,@bencana_jambi,""Banjir di Jambi masih berlangsung. BPBD diminta lebih proaktif."",""Jambi"""
"107,2025-08-23,@warga_kupang,""Kami di Kupang sudah dapat bantuan, tapi masih butuh air bersih dan listrik."",""Nusa Tenggara Timur"""
"108,2025-08-25,@relawan_sultra,""Tim relawan Sultra sudah bergerak ke Konawe. Butuh dukungan logistik tambahan."",""Sulawesi Tenggara"""
"109,2025-08-27,@bpbd_kaltim,""BPBD Kaltim menyalurkan bantuan ke 3 kabupaten terdampak banjir."",""Kalimantan Timur"""
"110,2025-08-29,@warga_cirebon,""Saya apresiasi BPBD Cirebon yang sigap. Bantuan datang dalam 24 jam."",""Jawa Barat"""
"111,2025-09-01,@korban_gempa_jatim,""Saya kehilangan rumah, tapi setidaknya ada tempat pengungsian. Terima kasih pemerintah."",""Jawa Timur"""
"112,2025-09-03,@media_nasional,""BNPB: Total bantuan yang disalurkan sejak Januari mencapai Rp 220 Miliar."",""Nasional"""
"113,2025-09-05,@warga_tegal,""Kenapa kami di Tegal belum dapat bantuan? Padahal banjir sudah seminggu."",""Jawa Tengah"""
"114,2025-09-07,@dinas_sosial_jateng,""Dinas Sosial Jateng menyalurkan bantuan darurat ke 15 kecamatan terdampak banjir."",""Jawa Tengah"""
"115,2025-09-09,@pemda_bali,""Pemprov Bali memberikan bantuan uang tunai kepada warga terdampak banjir di Badung."",""Bali"""
"116,2025-09-11,@warga_malang,""Kami di Malang sudah dapat bantuan, tapi masih butuh obat-obatan dan alat kesehatan."",""Jawa Timur"""
"117,2025-09-13,@bpbd_jogja,""BPBD DIY mempercepat distribusi tenda dan air bersih ke wilayah Sleman."",""DI Yogyakarta"""
"118,2025-09-15,@korban_longson,""Saya kehilangan keluarga, tapi pemerintah memberi tempat tinggal sementara. Syukur alhamdulillah."",""Jawa Barat"""
"119,2025-09-17,@media_bencana,""BNPB: 95% wilayah terdampak sudah terlayani. Masih ada 5% daerah sulit dijangkau."",""Nasional"""
"120,2025-09-19,@warga_palopo,""Di Palopo, bantuan datang tapi tidak merata. Ada yang dapat 2x, ada yang belum dapat sama sekali."",""Sulawesi Selatan"""
"121,2025-09-21,@relawan_nusantara,""Relawan dari 10 provinsi sudah bergerak ke NTT. Butuh dukungan transportasi."",""Nusa Tenggara Timur"""
"122,2025-09-23,@pemda_kalteng,""Pemprov Kalteng menyalurkan bantuan ke 5 kabupaten terdampak kebakaran hutan."",""Kalimantan Tengah"""
"123,2025-09-25,@warga_madiun,""Kami di Madiun sudah dapat bantuan, tapi masih butuh obat-obatan dan alat kesehatan."",""Jawa Timur"""
"124,2025-09-27,@bpbd_sumsel,""BPBD Sumsel mempercepat distribusi bantuan ke wilayah OKU Timur."",""Sumatera Selatan"""
"125,2025-09-29,@korban_banjir,""Saya sudah 3 minggu di pengungsian, belum ada rencana pemulihan. Kapan pulang rumah?"",""DKI Jakarta"""
"126,2025-10-01,@dinas_lingkungan,""Dinas Lingkungan Hidup DKI membersihkan sungai agar banjir tidak terulang."",""DKI Jakarta"""
"127,2025-10-03,@warga_banyuwangi,""Di Banyuwangi, bantuan datang tepat waktu. Terima kasih tim SAR dan BPBD."",""Jawa Timur"""
"128,2025-10-05,@pemda_bengkulu,""Pemprov Bengkulu memberikan bantuan uang tunai kepada warga terdampak longsor."",""Bengkulu"""
"129,2025-10-07,@bencana_jambi,""Banjir di Jambi masih berlangsung. BPBD diminta lebih proaktif."",""Jambi"""
"130,2025-10-09,@warga_kupang,""Kami di Kupang sudah dapat bantuan, tapi masih butuh air bersih dan listrik."",""Nusa Tenggara Timur"""
"131,2025-10-11,@relawan_sultra,""Tim relawan Sultra sudah bergerak ke Konawe. Butuh dukungan logistik tambahan."",""Sulawesi Tenggara"""
"132,2025-10-13,@bpbd_kaltim,""BPBD Kaltim menyalurkan bantuan ke 3 kabupaten terdampak banjir."",""Kalimantan Timur"""
"133,2025-10-15,@warga_cirebon,""Saya apresiasi BPBD Cirebon yang sigap. Bantuan datang dalam 24 jam."",""Jawa Barat"""
"134,2025-10-17,@korban_gempa_jatim,""Saya kehilangan rumah, tapi setidaknya ada tempat pengungsian. Terima kasih pemerintah."",""Jawa Timur"""
"135,2025-10-19,@media_nasional,""BNPB: Total bantuan yang disalurkan sejak Januari mencapai Rp 240 Miliar."",""Nasional"""
"136,2025-10-21,@warga_tegal,""Kenapa kami di Tegal belum dapat bantuan? Padahal banjir sudah seminggu."",""Jawa Tengah"""
"137,2025-10-23,@dinas_sosial_jateng,""Dinas Sosial Jateng menyalurkan bantuan darurat ke 15 kecamatan terdampak banjir."",""Jawa Tengah"""
"138,2025-10-25,@pemda_bali,""Pemprov Bali memberikan bantuan uang tunai kepada warga terdampak banjir di Badung."",""Bali"""
"139,2025-10-27,@warga_malang,""Kami di Malang sudah dapat bantuan, tapi masih butuh obat-obatan dan alat kesehatan."",""Jawa Timur"""
"140,2025-10-29,@bpbd_jogja,""BPBD DIY mempercepat distribusi tenda dan air bersih ke wilayah Sleman."",""DI Yogyakarta"""
"141,2025-11-01,@korban_longson,""Saya kehilangan keluarga, tapi pemerintah memberi tempat tinggal sementara. Syukur alhamdulillah."",""Jawa Barat"""
"142,2025-11-03,@media_bencana,""BNPB: 95% wilayah terdampak sudah terlayani. Masih ada 5% daerah sulit dijangkau."",""Nasional"""
"143,2025-11-05,@warga_palopo,""Di Palopo, bantuan datang tapi tidak merata. Ada yang dapat 2x, ada yang belum dapat sama sekali."",""Sulawesi Selatan"""
"144,2025-11-07,@relawan_nusantara,""Relawan dari 10 provinsi sudah bergerak ke NTT. Butuh dukungan transportasi."",""Nusa Tenggara Timur"""
"145,2025-11-09,@pemda_kalteng,""Pemprov Kalteng menyalurkan bantuan ke 5 kabupaten terdampak kebakaran hutan."",""Kalimantan Tengah"""
"146,2025-11-11,@warga_madiun,""Kami di Madiun sudah dapat bantuan, tapi masih butuh obat-obatan dan alat kesehatan."",""Jawa Timur"""
"147,2025-11-13,@bpbd_sumsel,""BPBD Sumsel mempercepat distribusi bantuan ke wilayah OKU Timur."",""Sumatera Selatan"""
"148,2025-11-15,@korban_banjir,""Saya sudah 3 minggu di pengungsian, belum ada rencana pemulihan. Kapan pulang rumah?"",""DKI Jakarta"""
"149,2025-11-17,@dinas_lingkungan,""Dinas Lingkungan Hidup DKI membersihkan sungai agar banjir tidak terulang."",""DKI Jakarta"""
"150,2025-11-19,@warga_banyuwangi,""Di Banyuwangi, bantuan datang tepat waktu. Terima kasih tim SAR dan BPBD."",""Jawa Timur"""
"151,2025-11-21,@pemda_bengkulu,""Pemprov Bengkulu memberikan bantuan uang tunai kepada warga terdampak longsor."",""Bengkulu"""
"152,2025-11-23,@bencana_jambi,""Banjir di Jambi masih berlangsung. BPBD diminta lebih proaktif."",""Jambi"""
"153,2025-11-25,@warga_kupang,""Kami di Kupang sudah dapat bantuan, tapi masih butuh air bersih dan listrik."",""Nusa Tenggara Timur"""
"154,2025-11-27,@relawan_sultra,""Tim relawan Sultra sudah bergerak ke Konawe. Butuh dukungan logistik tambahan."",""Sulawesi Tenggara"""
"155,2025-11-29,@bpbd_kaltim,""BPBD Kaltim menyalurkan bantuan ke 3 kabupaten terdampak banjir."",""Kalimantan Timur"""
"156,2025-12-01,@warga_cirebon,""Saya apresiasi BPBD Cirebon yang sigap. Bantuan datang dalam 24 jam."",""Jawa Barat"""
"157,2025-12-03,@korban_gempa_jatim,""Saya kehilangan rumah, tapi setidaknya ada tempat pengungsian. Terima kasih pemerintah."",""Jawa Timur"""
"158,2025-12-05,@media_nasional,""BNPB: Total bantuan yang disalurkan sejak Januari mencapai Rp 260 Miliar."",""Nasional"""
"159,2025-12-07,@warga_tegal,""Kenapa kami di Tegal belum dapat bantuan? Padahal banjir sudah seminggu."",""Jawa Tengah"""
"160,2025-12-09,@dinas_sosial_jateng,""Dinas Sosial Jateng menyalurkan bantuan darurat ke 15 kecamatan terdampak banjir."",""Jawa Tengah"""
"161,2025-12-11,@pemda_bali,""Pemprov Bali memberikan bantuan uang tunai kepada warga terdampak banjir di Badung."",""Bali"""
"162,2025-12-13,@warga_malang,""Kami di Malang sudah dapat bantuan, tapi masih butuh obat-obatan dan alat kesehatan."",""Jawa Timur"""
"163,2025-12-15,@bpbd_jogja,""BPBD DIY mempercepat distribusi tenda dan air bersih ke wilayah Sleman."",""DI Yogyakarta"""
"164,2025-12-17,@korban_longson,""Saya kehilangan keluarga, tapi pemerintah memberi tempat tinggal sementara. Syukur alhamdulillah."",""Jawa Barat"""
"165,2025-12-19,@media_bencana,""BNPB: 95% wilayah terdampak sudah terlayani. Masih ada 5% daerah sulit dijangkau."",""Nasional"""
"166,2025-12-21,@warga_palopo,""Di Palopo, bantuan datang tapi tidak merata. Ada yang dapat 2x, ada yang belum dapat sama sekali."",""Sulawesi Selatan"""
"167,2025-12-23,@relawan_nusantara,""Relawan dari 10 provinsi sudah bergerak ke NTT. Butuh dukungan transportasi."",""Nusa Tenggara Timur"""
"168,2025-12-25,@pemda_kalteng,""Pemprov Kalteng menyalurkan bantuan ke 5 kabupaten terdampak kebakaran hutan."",""Kalimantan Tengah"""
"169,2025-12-27,@warga_madiun,""Kami di Madiun sudah dapat bantuan, tapi masih butuh obat-obatan dan alat kesehatan."",""Jawa Timur"""
"170,2025-12-29,@bpbd_sumsel,""BPBD Sumsel mempercepat distribusi bantuan ke wilayah OKU Timur."",""Sumatera Selatan"""
"171,2026-01-01,@korban_banjir,""Saya sudah 3 minggu di pengungsian, belum ada rencana pemulihan. Kapan pulang rumah?"",""DKI Jakarta"""
"172,2026-01-03,@dinas_lingkungan,""Dinas Lingkungan Hidup DKI membersihkan sungai agar banjir tidak terulang."",""DKI Jakarta"""
"173,2026-01-05,@warga_banyuwangi,""Di Banyuwangi, bantuan datang tepat waktu. Terima kasih tim SAR dan BPBD."",""Jawa Timur"""
"174,2026-01-07,@pemda_bengkulu,""Pemprov Bengkulu memberikan bantuan uang tunai kepada warga terdampak longsor."",""Bengkulu"""
"175,2026-01-09,@bencana_jambi,""Banjir di Jambi masih berlangsung. BPBD diminta lebih proaktif."",""Jambi"""
"176,2026-01-11,@warga_kupang,""Kami di Kupang sudah dapat bantuan, tapi masih butuh air bersih dan listrik."",""Nusa Tenggara Timur"""
"177,2026-01-13,@relawan_sultra,""Tim relawan Sultra sudah bergerak ke Konawe. Butuh dukungan logistik tambahan."",""Sulawesi Tenggara"""
"178,2026-01-15,@bpbd_kaltim,""BPBD Kaltim menyalurkan bantuan ke 3 kabupaten terdampak banjir."",""Kalimantan Timur"""
"179,2026-01-17,@warga_cirebon,""Saya apresiasi BPBD Cirebon yang sigap. Bantuan datang dalam 24 jam."",""Jawa Barat"""
"180,2026-01-19,@korban_gempa_jatim,""Saya kehilangan rumah, tapi setidaknya ada tempat pengungsian. Terima kasih pemerintah."",""Jawa Timur"""
"181,2026-01-21,@media_nasional,""BNPB: Total bantuan yang disalurkan sejak Januari mencapai Rp 280 Miliar."",""Nasional"""
"182,2026-01-23,@warga_tegal,""Kenapa kami di Tegal belum dapat bantuan? Padahal banjir sudah seminggu."",""Jawa Tengah"""
"183,2026-01-25,@dinas_sosial_jateng,""Dinas Sosial Jateng menyalurkan bantuan darurat ke 15 kecamatan terdampak banjir."",""Jawa Tengah"""
"184,2026-01-27,@pemda_bali,""Pemprov Bali memberikan bantuan uang tunai kepada warga terdampak banjir di Badung."",""Bali"""
"185,2026-01-29,@warga_malang,""Kami di Malang sudah dapat bantuan, tapi masih butuh obat-obatan dan alat kesehatan."",""Jawa Timur"""
"186,2026-01-31,@bpbd_jogja,""BPBD DIY mempercepat distribusi tenda dan air bersih ke wilayah Sleman."",""DI Yogyakarta"""
"187,2026-02-02,@korban_longson,""Saya kehilangan keluarga, tapi pemerintah memberi tempat tinggal sementara. Syukur alhamdulillah."",""Jawa Barat"""
"188,2026-02-04,@media_bencana,""BNPB: 95% wilayah terdampak sudah terlayani. Masih ada 5% daerah sulit dijangkau."",""Nasional"""
"189,2026-02-06,@warga_palopo,""Di Palopo, bantuan datang tapi tidak merata. Ada yang dapat 2x, ada yang belum dapat sama sekali."",""Sulawesi Selatan"""
"190,2026-02-08,@relawan_nusantara,""Relawan dari 10 provinsi sudah bergerak ke NTT. Butuh dukungan transportasi."",""Nusa Tenggara Timur"""
"191,2026-02-10,@pemda_kalteng,""Pemprov Kalteng menyalurkan bantuan ke 5 kabupaten terdampak kebakaran hutan."",""Kalimantan Tengah"""
"192,2026-02-12,@warga_madiun,""Kami di Madiun sudah dapat bantuan, tapi masih butuh obat-obatan dan alat kesehatan."",""Jawa Timur"""
"193,2026-02-14,@bpbd_sumsel,""BPBD Sumsel mempercepat distribusi bantuan ke wilayah OKU Timur."",""Sumatera Selatan"""
"194,2026-02-16,@korban_banjir,""Saya sudah 3 minggu di pengungsian, belum ada rencana pemulihan. Kapan pulang rumah?"",""DKI Jakarta"""
"195,2026-02-18,@dinas_lingkungan,""Dinas Lingkungan Hidup DKI membersihkan sungai agar banjir tidak terulang."",""DKI Jakarta"""
"196,2026-02-20,@warga_banyuwangi,""Di Banyuwangi, bantuan datang tepat waktu. Terima kasih tim SAR dan BPBD."",""Jawa Timur"""
"197,2026-02-22,@pemda_bengkulu,""Pemprov Bengkulu memberikan bantuan uang tunai kepada warga terdampak longsor."",""Bengkulu"""
"198,2026-02-24,@bencana_jambi,""Banjir di Jambi masih berlangsung. BPBD diminta lebih proaktif."",""Jambi"""
"199,2026-02-26,@warga_kupang,""Kami di Kupang sudah dapat bantuan, tapi masih butuh air bersih dan listrik."",""Nusa Tenggara Timur"""
"200,2026-02-28,@relawan_sultra,""Tim relawan Sultra sudah bergerak ke Konawe. Butuh dukungan logistik tambahan."",""Sulawesi Tenggara"""
"201,2026-03-01,@bpbd_kaltim,""BPBD Kaltim menyalurkan bantuan ke 3 kabupaten terdampak banjir."",""Kalimantan Timur"""
"202,2026-03-03,@warga_cirebon,""Saya apresiasi BPBD Cirebon yang sigap. Bantuan datang dalam 24 jam."",""Jawa Barat"""
"203,2026-03-05,@korban_gempa_jatim,""Saya kehilangan rumah, tapi setidaknya ada tempat pengungsian. Terima kasih pemerintah."",""Jawa Timur"""
"204,2026-03-07,@media_nasional,""BNPB: Total bantuan yang disalurkan sejak Januari mencapai Rp 300 Miliar."",""Nasional"""
"205,2026-03-09,@warga_tegal,""Kenapa kami di Tegal belum dapat bantuan? Padahal banjir sudah seminggu."",""Jawa Tengah"""
"206,2026-03-11,@dinas_sosial_jateng,""Dinas Sosial Jateng menyalurkan bantuan darurat ke 15 kecamatan terdampak banjir."",""Jawa Tengah"""
"207,2026-03-13,@pemda_bali,""Pemprov Bali memberikan bantuan uang tunai kepada warga terdampak banjir di Badung."",""Bali"""
"208,2026-03-15,@warga_malang,""Kami di Malang sudah dapat bantuan, tapi masih butuh obat-obatan dan alat kesehatan."",""Jawa Timur"""
"209,2026-03-17,@bpbd_jogja,""BPBD DIY mempercepat distribusi tenda dan air bersih ke wilayah Sleman."",""DI Yogyakarta"""
"210,2026-03-19,@korban_longson,""Saya kehilangan keluarga, tapi pemerintah memberi tempat tinggal sementara. Syukur alhamdulillah."",""Jawa Barat"""
"211,2026-03-21,@media_bencana,""BNPB: 95% wilayah terdampak sudah terlayani. Masih ada 5% daerah sulit dijangkau."",""Nasional"""
"212,2026-03-23,@warga_palopo,""Di Palopo, bantuan datang tapi tidak merata. Ada yang dapat 2x, ada yang belum dapat sama sekali."",""Sulawesi Selatan"""
"213,2026-03-25,@relawan_nusantara,""Relawan dari 10 provinsi sudah bergerak ke NTT. Butuh dukungan transportasi."",""Nusa Tenggara Timur"""
"214,2026-03-27,@pemda_kalteng,""Pemprov Kalteng menyalurkan bantuan ke 5 kabupaten terdampak kebakaran hutan."",""Kalimantan Tengah"""
"215,2026-03-29,@warga_madiun,""Kami di Madiun sudah dapat bantuan, tapi masih butuh obat-obatan dan alat kesehatan."",""Jawa Timur"""
"216,2026-03-31,@bpbd_sumsel,""BPBD Sumsel mempercepat distribusi bantuan ke wilayah OKU Timur."",""Sumatera Selatan"""
"217,2026-04-02,@korban_banjir,""Saya sudah 3 minggu di pengungsian, belum ada rencana pemulihan. Kapan pulang rumah?"",""DKI Jakarta"""
"218,2026-04-04,@dinas_lingkungan,""Dinas Lingkungan Hidup DKI membersihkan sungai agar banjir tidak terulang."",""DKI Jakarta"""
"219,2026-04-06,@warga_banyuwangi,""Di Banyuwangi, bantuan datang tepat waktu. Terima kasih tim SAR dan BPBD."",""Jawa Timur"""
"220,2026-04-08,@pemda_bengkulu,""Pemprov Bengkulu memberikan bantuan uang tunai kepada warga terdampak longsor."",""Bengkulu"""
"221,2026-04-10,@bencana_jambi,""Banjir di Jambi masih berlangsung. BPBD diminta lebih proaktif."",""Jambi"""
"222,2026-04-12,@warga_kupang,""Kami di Kupang sudah dapat bantuan, tapi masih butuh air bersih dan listrik."",""Nusa Tenggara Timur"""
"223,2026-04-14,@relawan_sultra,""Tim relawan Sultra sudah bergerak ke Konawe. Butuh dukungan logistik tambahan."",""Sulawesi Tenggara"""
"224,2026-04-16,@bpbd_kaltim,""BPBD Kaltim menyalurkan bantuan ke 3 kabupaten terdampak banjir."",""Kalimantan Timur"""
"225,2026-04-18,@warga_cirebon,""Saya apresiasi BPBD Cirebon yang sigap. Bantuan datang dalam 24 jam."",""Jawa Barat"""
"226,2026-04-20,@korban_gempa_jatim,""Saya kehilangan rumah, tapi setidaknya ada tempat pengungsian. Terima kasih pemerintah."",""Jawa Timur"""
"227,2026-04-22,@media_nasional,""BNPB: Total bantuan yang disalurkan sejak Januari mencapai Rp 320 Miliar."",""Nasional"""
"228,2026-04-24,@warga_tegal,""Kenapa kami di Tegal belum dapat bantuan? Padahal banjir sudah seminggu."",""Jawa Tengah"""
"229,2026-04-26,@dinas_sosial_jateng,""Dinas Sosial Jateng menyalurkan bantuan darurat ke 15 kecamatan terdampak banjir."",""Jawa Tengah"""
"230,2026-04-28,@pemda_bali,""Pemprov Bali memberikan bantuan uang tunai kepada warga terdampak banjir di Badung."",""Bali"""
"231,2026-04-30,@warga_malang,""Kami di Malang sudah dapat bantuan, tapi masih butuh obat-obatan dan alat kesehatan."",""Jawa Timur"""
"232,2026-05-02,@bpbd_jogja,""BPBD DIY mempercepat distribusi tenda dan air bersih ke wilayah Sleman."",""DI Yogyakarta"""
"233,2026-05-04,@korban_longson,""Saya kehilangan keluarga, tapi pemerintah memberi tempat tinggal sementara. Syukur alhamdulillah."",""Jawa Barat"""
"234,2026-05-06,@media_bencana,""BNPB: 95% wilayah terdampak sudah terlayani. Masih ada 5% daerah sulit dijangkau."",""Nasional"""
"235,2026-05-08,@warga_palopo,""Di Palopo, bantuan datang tapi tidak merata. Ada yang dapat 2x, ada yang belum dapat sama sekali."",""Sulawesi Selatan"""
"236,2026-05-10,@relawan_nusantara,""Relawan dari 10 provinsi sudah bergerak ke NTT. Butuh dukungan transportasi."",""Nusa Tenggara Timur"""
"237,2026-05-12,@pemda_kalteng,""Pemprov Kalteng menyalurkan bantuan ke 5 kabupaten terdampak kebakaran hutan."",""Kalimantan Tengah"""
"238,2026-05-14,@warga_madiun,""Kami di Madiun sudah dapat bantuan, tapi masih butuh obat-obatan dan alat kesehatan."",""Jawa Timur"""
"239,2026-05-16,@bpbd_sumsel,""BPBD Sumsel mempercepat distribusi bantuan ke wilayah OKU Timur."",""Sumatera Selatan"""
"240,2026-05-18,@korban_banjir,""Saya sudah 3 minggu di pengungsian, belum ada rencana pemulihan. Kapan pulang rumah?"",""DKI Jakarta"""
"241,2026-05-20,@dinas_lingkungan,""Dinas Lingkungan Hidup DKI membersihkan sungai agar banjir tidak terulang."",""DKI Jakarta"""
"242,2026-05-22,@warga_banyuwangi,""Di Banyuwangi, bantuan datang tepat waktu. Terima kasih tim SAR dan BPBD."",""Jawa Timur"""
"243,2026-05-24,@pemda_bengkulu,""Pemprov Bengkulu memberikan bantuan uang tunai kepada warga terdampak longsor."",""Bengkulu"""
"244,2026-05-26,@bencana_jambi,""Banjir di Jambi masih berlangsung. BPBD diminta lebih proaktif."",""Jambi"""
"245,2026-05-28,@warga_kupang,""Kami di Kupang sudah dapat bantuan, tapi masih butuh air bersih dan listrik."",""Nusa Tenggara Timur"""
"246,2026-05-30,@relawan_sultra,""Tim relawan Sultra sudah bergerak ke Konawe. Butuh dukungan logistik tambahan."",""Sulawesi Tenggara"""
"247,2026-06-01,@bpbd_kaltim,""BPBD Kaltim menyalurkan bantuan ke 3 kabupaten terdampak banjir."",""Kalimantan Timur"""
"248,2026-06-03,@warga_cirebon,""Saya apresiasi BPBD Cirebon yang sigap. Bantuan datang dalam 24 jam."",""Jawa Barat"""
"249,2026-06-05,@korban_gempa_jatim,""Saya kehilangan rumah, tapi setidaknya ada tempat pengungsian. Terima kasih pemerintah."",""Jawa Timur"""
"250,2026-06-07,@media_nasional,""BNPB: Total bantuan yang disalurkan sejak Januari mencapai Rp 340 Miliar."",""Nasional"""
"251,2026-06-09,@warga_tegal,""Kenapa kami di Tegal belum dapat bantuan? Padahal banjir sudah seminggu."",""Jawa Tengah"""
"252,2026-06-11,@dinas_sosial_jateng,""Dinas Sosial Jateng menyalurkan bantuan darurat ke 15 kecamatan terdampak banjir."",""Jawa Tengah"""
"253,2026-06-13,@pemda_bali,""Pemprov Bali memberikan bantuan uang tunai kepada warga terdampak banjir di Badung."",""Bali"""
"254,2026-06-15,@warga_malang,""Kami di Malang sudah dapat bantuan, tapi masih butuh obat-obatan dan alat kesehatan."",""Jawa Timur"""
"255,2026-06-17,@bpbd_jogja,""BPBD DIY mempercepat distribusi tenda dan air bersih ke wilayah Sleman."",""DI Yogyakarta"""
"256,2026-06-19,@korban_longson,""Saya kehilangan keluarga, tapi pemerintah memberi tempat tinggal sementara. Syukur alhamdulillah."",""Jawa Barat"""
"257,2026-06-21,@media_bencana,""BNPB: 95% wilayah terdampak sudah terlayani. Masih ada 5% daerah sulit dijangkau."",""Nasional"""
"258,2026-06-23,@warga_palopo,""Di Palopo, bantuan datang tapi tidak merata. Ada yang dapat 2x, ada yang belum dapat sama sekali."",""Sulawesi Selatan"""
"259,2026-06-25,@relawan_nusantara,""Relawan dari 10 provinsi sudah bergerak ke NTT. Butuh dukungan transportasi."",""Nusa Tenggara Timur"""
"260,2026-06-27,@pemda_kalteng,""Pemprov Kalteng menyalurkan bantuan ke 5 kabupaten terdampak kebakaran hutan."",""Kalimantan Tengah"""
"261,2026-06-29,@warga_madiun,""Kami di Madiun sudah dapat bantuan, tapi masih butuh obat-obatan dan alat kesehatan."",""Jawa Timur"""
"262,2026-07-01,@bpbd_sumsel,""BPBD Sumsel mempercepat distribusi bantuan ke wilayah OKU Timur."",""Sumatera Selatan"""
"263,2026-07-03,@korban_banjir,""Saya sudah 3 minggu di pengungsian, belum ada rencana pemulihan. Kapan pulang rumah?"",""DKI Jakarta"""
"264,2026-07-05,@dinas_lingkungan,""Dinas Lingkungan Hidup DKI membersihkan sungai agar banjir tidak terulang."",""DKI Jakarta"""
"265,2026-07-07,@warga_banyuwangi,""Di Banyuwangi, bantuan datang tepat waktu. Terima kasih tim SAR dan BPBD."",""Jawa Timur"""
"266,2026-07-09,@pemda_bengkulu,""Pemprov Bengkulu memberikan bantuan uang tunai kepada warga terdampak longsor."",""Bengkulu"""
"267,2026-07-11,@bencana_jambi,""Banjir di Jambi masih berlangsung. BPBD diminta lebih proaktif."",""Jambi"""
"268,2026-07-13,@warga_kupang,""Kami di Kupang sudah dapat bantuan, tapi masih butuh air bersih dan listrik."",""Nusa Tenggara Timur"""
"269,2026-07-15,@relawan_sultra,""Tim relawan Sultra sudah bergerak ke Konawe. Butuh dukungan logistik tambahan."",""Sulawesi Tenggara"""
"270,2026-07-17,@bpbd_kaltim,""BPBD Kaltim menyalurkan bantuan ke 3 kabupaten terdampak banjir."",""Kalimantan Timur"""
"271,2026-07-19,@warga_cirebon,""Saya apresiasi BPBD Cirebon yang sigap. Bantuan datang dalam 24 jam."",""Jawa Barat"""
"272,2026-07-21,@korban_gempa_jatim,""Saya kehilangan rumah, tapi setidaknya ada tempat pengungsian. Terima kasih pemerintah."",""Jawa Timur"""
"273,2026-07-23,@media_nasional,""BNPB: Total bantuan yang disalurkan sejak Januari mencapai Rp 360 Miliar."",""Nasional"""
"274,2026-07-25,@warga_tegal,""Kenapa kami di Tegal belum dapat bantuan? Padahal banjir sudah seminggu."",""Jawa Tengah"""
"275,2026-07-27,@dinas_sosial_jateng,""Dinas Sosial Jateng menyalurkan bantuan darurat ke 15 kecamatan terdampak banjir."",""Jawa Tengah"""
"276,2026-07-29,@pemda_bali,""Pemprov Bali memberikan bantuan uang tunai kepada warga terdampak banjir di Badung."",""Bali"""
"277,2026-07-31,@warga_malang,""Kami di Malang sudah dapat bantuan, tapi masih butuh obat-obatan dan alat kesehatan."",""Jawa Timur"""
"278,2026-08-02,@bpbd_jogja,""BPBD DIY mempercepat distribusi tenda dan air bersih ke wilayah Sleman."",""DI Yogyakarta"""
"279,2026-08-04,@korban_longson,""Saya kehilangan keluarga, tapi pemerintah memberi tempat tinggal sementara. Syukur alhamdulillah."",""Jawa Barat"""
"280,2026-08-06,@media_bencana,""BNPB: 95% wilayah terdampak sudah terlayani. Masih ada 5% daerah sulit dijangkau."",""Nasional"""
"281,2026-08-08,@warga_palopo,""Di Palopo, bantuan datang tapi tidak merata. Ada yang dapat 2x, ada yang belum dapat sama sekali."",""Sulawesi Selatan"""
"282,2026-08-10,@relawan_nusantara,""Relawan dari 10 provinsi sudah bergerak ke NTT. Butuh dukungan transportasi."",""Nusa Tenggara Timur"""
"283,2026-08-12,@pemda_kalteng,""Pemprov Kalteng menyalurkan bantuan ke 5 kabupaten terdampak kebakaran hutan."",""Kalimantan Tengah"""
"284,2026-08-14,@warga_madiun,""Kami di Madiun sudah dapat bantuan, tapi masih butuh obat-obatan dan alat kesehatan."",""Jawa Timur"""
"285,2026-08-16,@bpbd_sumsel,""BPBD Sumsel mempercepat distribusi bantuan ke wilayah OKU Timur."",""Sumatera Selatan"""
"286,2026-08-18,@korban_banjir,""Saya sudah 3 minggu di pengungsian, belum ada rencana pemulihan. Kapan pulang rumah?"",""DKI Jakarta"""
"287,2026-08-20,@dinas_lingkungan,""Dinas Lingkungan Hidup DKI membersihkan sungai agar banjir tidak terulang."",""DKI Jakarta"""
"288,2026-08-22,@warga_banyuwangi,""Di Banyuwangi, bantuan datang tepat waktu. Terima kasih tim SAR dan BPBD."",""Jawa Timur"""
"289,2026-08-24,@pemda_bengkulu,""Pemprov Bengkulu memberikan bantuan uang tunai kepada warga terdampak longsor."",""Bengkulu"""
"290,2026-08-26,@bencana_jambi,""Banjir di Jambi masih berlangsung. BPBD diminta lebih proaktif."",""Jambi"""
"291,2026-08-28,@warga_kupang,""Kami di Kupang sudah dapat bantuan, tapi masih butuh air bersih dan listrik."",""Nusa Tenggara Timur"""
"292,2026-08-30,@relawan_sultra,""Tim relawan Sultra sudah bergerak ke Konawe. Butuh dukungan logistik tambahan."",""Sulawesi Tenggara"""
"293,2026-09-01,@bpbd_kaltim,""BPBD Kaltim menyalurkan bantuan ke 3 kabupaten terdampak banjir."",""Kalimantan Timur"""
"294,2026-09-03,@warga_cirebon,""Saya apresiasi BPBD Cirebon yang sigap. Bantuan datang dalam 24 jam."",""Jawa Barat"""
"295,2026-09-05,@korban_gempa_jatim,""Saya kehilangan rumah, tapi setidaknya ada tempat pengungsian. Terima kasih pemerintah."",""Jawa Timur"""
"296,2026-09-07,@media_nasional,""BNPB: Total bantuan yang disalurkan sejak Januari mencapai Rp 380 Miliar."",""Nasional"""
"297,2026-09-09,@warga_tegal,""Kenapa kami di Tegal belum dapat bantuan? Padahal banjir sudah seminggu."",""Jawa Tengah"""
"298,2026-09-11,@dinas_sosial_jateng,""Dinas Sosial Jateng menyalurkan bantuan darurat ke 15 kecamatan terdampak banjir."",""Jawa Tengah"""
"299,2026-09-13,@pemda_bali,""Pemprov Bali memberikan bantuan uang tunai kepada warga terdampak banjir di Badung."",""Bali"""
"300,2026-09-15,@warga_malang,""Kami di Malang sudah dapat bantuan, tapi masih butuh obat-obatan dan alat kesehatan."",""Jawa Timur"""
"301,2026-09-17,@bpbd_jogja,""BPBD DIY mempercepat distribusi tenda dan air bersih ke wilayah Sleman."",""DI Yogyakarta"""
"302,2026-09-19,@korban_longson,""Saya kehilangan keluarga, tapi pemerintah memberi tempat tinggal sementara. Syukur alhamdulillah."",""Jawa Barat"""
"303,2026-09-21,@media_bencana,""BNPB: 95% wilayah terdampak sudah terlayani. Masih ada 5% daerah sulit dijangkau."",""Nasional"""
"304,2026-09-23,@warga_palopo,""Di Palopo, bantuan datang tapi tidak merata. Ada yang dapat 2x, ada yang belum dapat sama sekali."",""Sulawesi Selatan"""
"305,2026-09-25,@relawan_nusantara,""Relawan dari 10 provinsi sudah bergerak ke NTT. Butuh dukungan transportasi."",""Nusa Tenggara Timur"""
"306,2026-09-27,@pemda_kalteng,""Pemprov Kalteng menyalurkan bantuan ke 5 kabupaten terdampak kebakaran hutan."",""Kalimantan Tengah"""
"307,2026-09-29,@warga_madiun,""Kami di Madiun sudah dapat bantuan, tapi masih butuh obat-obatan dan alat kesehatan."",""Jawa Timur"""
"308,2026-10-01,@bpbd_sumsel,""BPBD Sumsel mempercepat distribusi bantuan ke wilayah OKU Timur."",""Sumatera Selatan"""
"309,2026-10-03,@korban_banjir,""Saya sudah 3 minggu di pengungsian, belum ada rencana pemulihan. Kapan pulang rumah?"",""DKI Jakarta"""
"310,2026-10-05,@dinas_lingkungan,""Dinas Lingkungan Hidup DKI membersihkan sungai agar banjir tidak terulang."",""DKI Jakarta"""
"311,2026-10-07,@warga_banyuwangi,""Di Banyuwangi, bantuan datang tepat waktu. Terima kasih tim SAR dan BPBD."",""Jawa Timur"""
"312,2026-10-09,@pemda_bengkulu,""Pemprov Bengkulu memberikan bantuan uang tunai kepada warga terdampak longsor."",""Bengkulu"""
"313,2026-10-11,@bencana_jambi,""Banjir di Jambi masih berlangsung. BPBD diminta lebih proaktif."",""Jambi"""
"314,2026-10-13,@warga_kupang,""Kami di Kupang sudah dapat bantuan, tapi masih butuh air bersih dan listrik."",""Nusa Tenggara Timur"""
"315,2026-10-15,@relawan_sultra,""Tim relawan Sultra sudah bergerak ke Konawe. Butuh dukungan logistik tambahan."",""Sulawesi Tenggara"""
"316,2026-10-17,@bpbd_kaltim,""BPBD Kaltim menyalurkan bantuan ke 3 kabupaten terdampak banjir."",""Kalimantan Timur"""
"317,2026-10-19,@warga_cirebon,""Saya apresiasi BPBD Cirebon yang sigap. Bantuan datang dalam 24 jam."",""Jawa Barat"""
"318,2026-10-21,@korban_gempa_jatim,""Saya kehilangan rumah, tapi setidaknya ada tempat pengungsian. Terima kasih pemerintah."",""Jawa Timur"""
"319,2026-10-23,@media_nasional,""BNPB: Total bantuan yang disalurkan sejak Januari mencapai Rp 400 Miliar."",""Nasional"""
"320,2026-10-25,@warga_tegal,""Kenapa kami di Tegal belum dapat bantuan? Padahal banjir sudah seminggu."",""Jawa Tengah"""
"321,2026-10-27,@dinas_sosial_jateng,""Dinas Sosial Jateng menyalurkan bantuan darurat ke 15 kecamatan terdampak banjir."",""Jawa Tengah"""
"322,2026-10-29,@pemda_bali,""Pemprov Bali memberikan bantuan uang tunai kepada warga terdampak banjir di Badung."",""Bali"""
"323,2026-10-31,@warga_malang,""Kami di Malang sudah dapat bantuan, tapi masih butuh obat-obatan dan alat kesehatan."",""Jawa Timur"""
"324,2026-11-02,@bpbd_jogja,""BPBD DIY mempercepat distribusi tenda dan air bersih ke wilayah Sleman."",""DI Yogyakarta"""
"325,2026-11-04,@korban_longson,""Saya kehilangan keluarga, tapi pemerintah memberi tempat tinggal sementara. Syukur alhamdulillah."",""Jawa Barat"""
"326,2026-11-06,@media_bencana,""BNPB: 95% wilayah terdampak sudah terlayani. Masih ada 5% daerah sulit dijangkau."",""Nasional"""
"327,2026-11-08,@warga_palopo,""Di Palopo, bantuan datang tapi tidak merata. Ada yang dapat 2x, ada yang belum dapat sama sekali."",""Sulawesi Selatan"""
"328,2026-11-10,@relawan_nusantara,""Relawan dari 10 provinsi sudah bergerak ke NTT. Butuh dukungan transportasi."",""Nusa Tenggara Timur"""
"329,2026-11-12,@pemda_kalteng,""Pemprov Kalteng menyalurkan bantuan ke 5 kabupaten terdampak kebakaran hutan."",""Kalimantan Tengah"""
"330,2026-11-14,@warga_madiun,""Kami di Madiun sudah dapat bantuan, tapi masih butuh obat-obatan dan alat kesehatan."",""Jawa Timur"""
"331,2026-11-16,@bpbd_sumsel,""BPBD Sumsel mempercepat distribusi bantuan ke wilayah OKU Timur."",""Sumatera Selatan"""
"332,2026-11-18,@korban_banjir,""Saya sudah 3 minggu di pengungsian, belum ada rencana pemulihan. Kapan pulang rumah?"",""DKI Jakarta"""
"333,2026-11-20,@dinas_lingkungan,""Dinas Lingkungan Hidup DKI membersihkan sungai agar banjir tidak terulang."",""DKI Jakarta"""
"334,2026-11-22,@warga_banyuwangi,""Di Banyuwangi, bantuan datang tepat waktu. Terima kasih tim SAR dan BPBD."",""Jawa Timur"""
"335,2026-11-24,@pemda_bengkulu,""Pemprov Bengkulu memberikan bantuan uang tunai kepada warga terdampak longsor."",""Bengkulu"""
"336,2026-11-26,@bencana_jambi,""Banjir di Jambi masih berlangsung. BPBD diminta lebih proaktif."",""Jambi"""
"337,2026-11-28,@warga_kupang,""Kami di Kupang sudah dapat bantuan, tapi masih butuh air bersih dan listrik."",""Nusa Tenggara Timur"""
"338,2026-11-30,@relawan_sultra,""Tim relawan Sultra sudah bergerak ke Konawe. Butuh dukungan logistik tambahan."",""Sulawesi Tenggara"""
"339,2026-12-02,@bpbd_kaltim,""BPBD Kaltim menyalurkan bantuan ke 3 kabupaten terdampak banjir."",""Kalimantan Timur"""
"340,2026-12-04,@warga_cirebon,""Saya apresiasi BPBD Cirebon yang sigap. Bantuan datang dalam 24 jam."",""Jawa Barat"""
"341,2026-12-06,@korban_gempa_jatim,""Saya kehilangan rumah, tapi setidaknya ada tempat pengungsian. Terima kasih pemerintah."",""Jawa Timur"""
"342,2026-12-08,@media_nasional,""BNPB: Total bantuan yang disalurkan sejak Januari mencapai Rp 420 Miliar."",""Nasional"""
"343,2026-12-10,@warga_tegal,""Kenapa kami di Tegal belum dapat bantuan? Padahal banjir sudah seminggu."",""Jawa Tengah"""
"344,2026-12-12,@dinas_sosial_jateng,""Dinas Sosial Jateng menyalurkan bantuan darurat ke 15 kecamatan terdampak banjir."",""Jawa Tengah"""
"345,2026-12-14,@pemda_bali,""Pemprov Bali memberikan bantuan uang tunai kepada warga terdampak banjir di Badung."",""Bali"""
"346,2026-12-16,@warga_malang,""Kami di Malang sudah dapat bantuan, tapi masih butuh obat-obatan dan alat kesehatan."",""Jawa Timur"""
"347,2026-12-18,@bpbd_jogja,""BPBD DIY mempercepat distribusi tenda dan air bersih ke wilayah Sleman."",""DI Yogyakarta"""
"348,2026-12-20,@korban_longson,""Saya kehilangan keluarga, tapi pemerintah memberi tempat tinggal sementara. Syukur alhamdulillah."",""Jawa Barat"""
"349,2026-12-22,@media_bencana,""BNPB: 95% wilayah terdampak sudah terlayani. Masih ada 5% daerah sulit dijangkau."",""Nasional"""
"350,2026-12-24,@warga_palopo,""Di Palopo, bantuan datang tapi tidak merata. Ada yang dapat 2x, ada yang belum dapat sama sekali."",""Sulawesi Selatan"""
"351,2026-12-26,@relawan_nusantara,""Relawan dari 10 provinsi sudah bergerak ke NTT. Butuh dukungan transportasi."",""Nusa Tenggara Timur"""
"352,2026-12-28,@pemda_kalteng,""Pemprov Kalteng menyalurkan bantuan ke 5 kabupaten terdampak kebakaran hutan."",""Kalimantan Tengah"""
"353,2026-12-30,@warga_madiun,""Kami di Madiun sudah dapat bantuan, tapi masih butuh obat-obatan dan alat kesehatan."",""Jawa Timur"""
"354,2027-01-01,@bpbd_sumsel,""BPBD Sumsel mempercepat distribusi bantuan ke wilayah OKU Timur."",""Sumatera Selatan"""
"355,2027-01-03,@korban_banjir,""Saya sudah 3 minggu di pengungsian, belum ada rencana pemulihan. Kapan pulang rumah?"",""DKI Jakarta"""
"356,2027-01-05,@dinas_lingkungan,""Dinas Lingkungan Hidup DKI membersihkan sungai agar banjir tidak terulang."",""DKI Jakarta"""
"357,2027-01-07,@warga_banyuwangi,""Di Banyuwangi, bantuan datang tepat waktu. Terima kasih tim SAR dan BPBD."",""Jawa Timur"""
"358,2027-01-09,@pemda_bengkulu,""Pemprov Bengkulu memberikan bantuan uang tunai kepada warga terdampak longsor."",""Bengkulu"""
"359,2027-01-11,@bencana_jambi,""Banjir di Jambi masih berlangsung. BPBD diminta lebih proaktif."",""Jambi"""
"360,2027-01-13,@warga_kupang,""Kami di Kupang sudah dapat bantuan, tapi masih butuh air bersih dan listrik."",""Nusa Tenggara Timur"""
"361,2027-01-15,@relawan_sultra,""Tim relawan Sultra sudah bergerak ke Konawe. Butuh dukungan logistik tambahan."",""Sulawesi Tenggara"""
"362,2027-01-17,@bpbd_kaltim,""BPBD Kaltim menyalurkan bantuan ke 3 kabupaten terdampak banjir."",""Kalimantan Timur"""
"363,2027-01-19,@warga_cirebon,""Saya apresiasi BPBD Cirebon yang sigap. Bantuan datang dalam 24 jam."",""Jawa Barat"""
"364,2027-01-21,@korban_gempa_jatim,""Saya kehilangan rumah, tapi setidaknya ada tempat pengungsian. Terima kasih pemerintah."",""Jawa Timur"""
"365,2027-01-23,@media_nasional,""BNPB: Total bantuan yang disalurkan sejak Januari mencapai Rp 440 Miliar."",""Nasional"""
"366,2027-01-25,@warga_tegal,""Kenapa kami di Tegal belum dapat bantuan? Padahal banjir sudah seminggu."",""Jawa Tengah"""
"367,2027-01-27,@dinas_sosial_jateng,""Dinas Sosial Jateng menyalurkan bantuan darurat ke 15 kecamatan terdampak banjir."",""Jawa Tengah"""
"368,2027-01-29,@pemda_bali,""Pemprov Bali memberikan bantuan uang tunai kepada warga terdampak banjir di Badung."",""Bali"""
"369,2027-01-31,@warga_malang,""Kami di Malang sudah dapat bantuan, tapi masih butuh obat-obatan dan alat kesehatan."",""Jawa Timur"""
"370,2027-02-02,@bpbd_jogja,""BPBD DIY mempercepat distribusi tenda dan air bersih ke wilayah Sleman."",""DI Yogyakarta"""
"371,2027-02-04,@korban_longson,""Saya kehilangan keluarga, tapi pemerintah memberi tempat tinggal sementara. Syukur alhamdulillah."",""Jawa Barat"""
"372,2027-02-06,@media_bencana,""BNPB: 95% wilayah terdampak sudah terlayani. Masih ada 5% daerah sulit dijangkau."",""Nasional"""
"373,2027-02-08,@warga_palopo,""Di Palopo, bantuan datang tapi tidak merata. Ada yang dapat 2x, ada yang belum dapat sama sekali."",""Sulawesi Selatan"""
"374,2027-02-10,@relawan_nusantara,""Relawan dari 10 provinsi sudah bergerak ke NTT. Butuh dukungan transportasi."",""Nusa Tenggara Timur"""
"375,2027-02-12,@pemda_kalteng,""Pemprov Kalteng menyalurkan bantuan ke 5 kabupaten terdampak kebakaran hutan."",""Kalimantan Tengah"""
"376,2027-02-14,@warga_madiun,""Kami di Madiun sudah dapat bantuan, tapi masih butuh obat-obatan dan alat kesehatan."",""Jawa Timur"""
"377,2027-02-16,@bpbd_sumsel,""BPBD Sumsel mempercepat distribusi bantuan ke wilayah OKU Timur."",""Sumatera Selatan"""
"378,2027-02-18,@korban_banjir,""Saya sudah 3 minggu di pengungsian, belum ada rencana pemulihan. Kapan pulang rumah?"",""DKI Jakarta"""
"379,2027-02-20,@dinas_lingkungan,""Dinas Lingkungan Hidup DKI membersihkan sungai agar banjir tidak terulang."",""DKI Jakarta"""
"380,2027-02-22,@warga_banyuwangi,""Di Banyuwangi, bantuan datang tepat waktu. Terima kasih tim SAR dan BPBD."",""Jawa Timur"""
"381,2027-02-24,@pemda_bengkulu,""Pemprov Bengkulu memberikan bantuan uang tunai kepada warga terdampak longsor."",""Bengkulu"""
"382,2027-02-26,@bencana_jambi,""Banjir di Jambi masih berlangsung. BPBD diminta lebih proaktif."",""Jambi"""
"383,2027-02-28,@warga_kupang,""Kami di Kupang sudah dapat bantuan, tapi masih butuh air bersih dan listrik."",""Nusa Tenggara Timur"""
"384,2027-03-01,@relawan_sultra,""Tim relawan Sultra sudah bergerak ke Konawe. Butuh dukungan logistik tambahan."",""Sulawesi Tenggara"""
"385,2027-03-03,@bpbd_kaltim,""BPBD Kaltim menyalurkan bantuan ke 3 kabupaten terdampak banjir."",""Kalimantan Timur"""
"386,2027-03-05,@warga_cirebon,""Saya apresiasi BPBD Cirebon yang sigap. Bantuan datang dalam 24 jam."",""Jawa Barat"""
"387,2027-03-07,@korban_gempa_jatim,""Saya kehilangan rumah, tapi setidaknya ada tempat pengungsian. Terima kasih pemerintah."",""Jawa Timur"""
"388,2027-03-09,@media_nasional,""BNPB: Total bantuan yang disalurkan sejak Januari mencapai Rp 460 Miliar."",""Nasional"""
"389,2027-03-11,@warga_tegal,""Kenapa kami di Tegal belum dapat bantuan? Padahal banjir sudah seminggu."",""Jawa Tengah"""
"390,2027-03-13,@dinas_sosial_jateng,""Dinas Sosial Jateng menyalurkan bantuan darurat ke 15 kecamatan terdampak banjir."",""Jawa Tengah"""
"391,2027-03-15,@pemda_bali,""Pemprov Bali memberikan bantuan uang tunai kepada warga terdampak banjir di Badung."",""Bali"""
"392,2027-03-17,@warga_malang,""Kami di Malang sudah dapat bantuan, tapi masih butuh obat-obatan dan alat kesehatan."",""Jawa Timur"""
"393,2027-03-19,@bpbd_jogja,""BPBD DIY mempercepat distribusi tenda dan air bersih ke wilayah Sleman."",""DI Yogyakarta"""
"394,2027-03-21,@korban_longson,""Saya kehilangan keluarga, tapi pemerintah memberi tempat tinggal sementara. Syukur alhamdulillah."",""Jawa Barat"""
"395,2027-03-23,@media_bencana,""BNPB: 95% wilayah terdampak sudah terlayani. Masih ada 5% daerah sulit dijangkau."",""Nasional"""
"396,2027-03-25,@warga_palopo,""Di Palopo, bantuan datang tapi tidak merata. Ada yang dapat 2x, ada yang belum dapat sama sekali."",""Sulawesi Selatan"""
"397,2027-03-27,@relawan_nusantara,""Relawan dari 10 provinsi sudah bergerak ke NTT. Butuh dukungan transportasi."",""Nusa Tenggara Timur"""
"398,2027-03-29,@pemda_kalteng,""Pemprov Kalteng menyalurkan bantuan ke 5 kabupaten terdampak kebakaran hutan."",""Kalimantan Tengah"""
"399,2027-03-31,@warga_madiun,""Kami di Madiun sudah dapat bantuan, tapi masih butuh obat-obatan dan alat kesehatan."",""Jawa Timur"""
"400,2027-04-02,@bpbd_sumsel,""BPBD Sumsel mempercepat distribusi bantuan ke wilayah OKU Timur."",""Sumatera Selatan"""
"401,2027-04-04,@korban_banjir,""Saya sudah 3 minggu di pengungsian, belum ada rencana pemulihan. Kapan pulang rumah?"",""DKI Jakarta"""
"402,2027-04-06,@dinas_lingkungan,""Dinas Lingkungan Hidup DKI membersihkan sungai agar banjir tidak terulang."",""DKI Jakarta"""
"403,2027-04-08,@warga_banyuwangi,""Di Banyuwangi, bantuan datang tepat waktu. Terima kasih tim SAR dan BPBD."",""Jawa Timur"""
"404,2027-04-10,@pemda_bengkulu,""Pemprov Bengkulu memberikan bantuan uang tunai kepada warga terdampak longsor."",""Bengkulu"""
"405,2027-04-12,@bencana_jambi,""Banjir di Jambi masih berlangsung. BPBD diminta lebih proaktif."",""Jambi"""
"406,2027-04-14,@warga_kupang,""Kami di Kupang sudah dapat bantuan, tapi masih butuh air bersih dan listrik."",""Nusa Tenggara Timur"""
"407,2027-04-16,@relawan_sultra,""Tim relawan Sultra sudah bergerak ke Konawe. Butuh dukungan logistik tambahan."",""Sulawesi Tenggara"""
"408,2027-04-18,@bpbd_kaltim,""BPBD Kaltim menyalurkan bantuan ke 3 kabupaten terdampak banjir."",""Kalimantan Timur"""
"409,2027-04-20,@warga_cirebon,""Saya apresiasi BPBD Cirebon yang sigap. Bantuan datang dalam 24 jam."",""Jawa Barat"""
"410,2027-04-22,@korban_gempa_jatim,""Saya kehilangan rumah, tapi setidaknya ada tempat pengungsian. Terima kasih pemerintah."",""Jawa Timur"""
"411,2027-04-24,@media_nasional,""BNPB: Total bantuan yang disalurkan sejak Januari mencapai Rp 480 Miliar."",""Nasional"""
"412,2027-04-26,@warga_tegal,""Kenapa kami di Tegal belum dapat bantuan? Padahal banjir sudah seminggu."",""Jawa Tengah"""
"413,2027-04-28,@dinas_sosial_jateng,""Dinas Sosial Jateng menyalurkan bantuan darurat ke 15 kecamatan terdampak banjir."",""Jawa Tengah"""
"414,2027-04-30,@pemda_bali,""Pemprov Bali memberikan bantuan uang tunai kepada warga terdampak banjir di Badung."",""Bali"""
"415,2027-05-02,@warga_malang,""Kami di Malang sudah dapat bantuan, tapi masih butuh obat-obatan dan alat kesehatan."",""Jawa Timur"""
"416,2027-05-04,@bpbd_jogja,""BPBD DIY mempercepat distribusi tenda dan air bersih ke wilayah Sleman."",""DI Yogyakarta"""
"417,2027-05-06,@korban_longson,""Saya kehilangan keluarga, tapi pemerintah memberi tempat tinggal sementara. Syukur alhamdulillah."",""Jawa Barat"""
"418,2027-05-08,@media_bencana,""BNPB: 95% wilayah terdampak sudah terlayani. Masih ada 5% daerah sulit dijangkau."",""Nasional"""
"419,2027-05-10,@warga_palopo,""Di Palopo, bantuan datang tapi tidak merata. Ada yang dapat 2x, ada yang belum dapat sama sekali."",""Sulawesi Selatan"""
"420,2027-05-12,@relawan_nusantara,""Relawan dari 10 provinsi sudah bergerak ke NTT. Butuh dukungan transportasi."",""Nusa Tenggara Timur"""
"421,2027-05-14,@pemda_kalteng,""Pemprov Kalteng menyalurkan bantuan ke 5 kabupaten terdampak kebakaran hutan."",""Kalimantan Tengah"""
"422,2027-05-16,@warga_madiun,""Kami di Madiun sudah dapat bantuan, tapi masih butuh obat-obatan dan alat kesehatan."",""Jawa Timur"""
"423,2027-05-18,@bpbd_sumsel,""BPBD Sumsel mempercepat distribusi bantuan ke wilayah OKU Timur."",""Sumatera Selatan"""
"424,2027-05-20,@korban_banjir,""Saya sudah 3 minggu di pengungsian, belum ada rencana pemulihan. Kapan pulang rumah?"",""DKI Jakarta"""
"425,2027-05-22,@dinas_lingkungan,""Dinas Lingkungan Hidup DKI membersihkan sungai agar banjir tidak terulang."",""DKI Jakarta"""
"426,2027-05-24,@warga_banyuwangi,""Di Banyuwangi, bantuan datang tepat waktu. Terima kasih tim SAR dan BPBD."",""Jawa Timur"""
"427,2027-05-26,@pemda_bengkulu,""Pemprov Bengkulu memberikan bantuan uang tunai kepada warga terdampak longsor."",""Bengkulu"""
"428,2027-05-28,@bencana_jambi,""Banjir di Jambi masih berlangsung. BPBD diminta lebih proaktif."",""Jambi"""
"429,2027-05-30,@warga_kupang,""Kami di Kupang sudah dapat bantuan, tapi masih butuh air bersih dan listrik."",""Nusa Tenggara Timur"""
"430,2027-06-01,@relawan_sultra,""Tim relawan Sultra sudah bergerak ke Konawe. Butuh dukungan logistik tambahan."",""Sulawesi Tenggara"""
"431,2027-06-03,@bpbd_kaltim,""BPBD Kaltim menyalurkan bantuan ke 3 kabupaten terdampak banjir."",""Kalimantan Timur"""
"432,2027-06-05,@warga_cirebon,""Saya apresiasi BPBD Cirebon yang sigap. Bantuan datang dalam 24 jam."",""Jawa Barat"""
"433,2027-06-07,@korban_gempa_jatim,""Saya kehilangan rumah, tapi setidaknya ada tempat pengungsian. Terima kasih pemerintah."",""Jawa Timur"""
"434,2027-06-09,@media_nasional,""BNPB: Total bantuan yang disalurkan sejak Januari mencapai Rp 500 Miliar."",""Nasional"""
"435,2027-06-11,@warga_tegal,""Kenapa kami di Tegal belum dapat bantuan? Padahal banjir sudah seminggu."",""Jawa Tengah"""
"436,2027-06-13,@dinas_sosial_jateng,""Dinas Sosial Jateng menyalurkan bantuan darurat ke 15 kecamatan terdampak banjir."",""Jawa Tengah"""
"437,2027-06-15,@pemda_bali,""Pemprov Bali memberikan bantuan uang tunai kepada warga terdampak banjir di Badung."",""Bali"""
"438,2027-06-17,@warga_malang,""Kami di Malang sudah dapat bantuan, tapi masih butuh obat-obatan dan alat kesehatan."",""Jawa Timur"""
"439,2027-06-19,@bpbd_jogja,""BPBD DIY mempercepat distribusi tenda dan air bersih ke wilayah Sleman."",""DI Yogyakarta"""
"440,2027-06-21,@korban_longson,""Saya kehilangan keluarga, tapi pemerintah memberi tempat tinggal sementara. Syukur alhamdulillah."",""Jawa Barat"""
"441,2027-06-23,@media_bencana,""BNPB: 95% wilayah terdampak sudah terlayani. Masih ada 5% daerah sulit dijangkau."",""Nasional"""
"442,2027-06-25,@warga_palopo,""Di Palopo, bantuan datang tapi tidak merata. Ada yang dapat 2x, ada yang belum dapat sama sekali."",""Sulawesi Selatan"""
"443,2027-06-27,@relawan_nusantara,""Relawan dari 10 provinsi sudah bergerak ke NTT. Butuh dukungan transportasi."",""Nusa Tenggara Timur"""
"444,2027-06-29,@pemda_kalteng,""Pemprov Kalteng menyalurkan bantuan ke 5 kabupaten terdampak kebakaran hutan."",""Kalimantan Tengah"""
"445,2027-07-01,@warga_madiun,""Kami di Madiun sudah dapat bantuan, tapi masih butuh obat-obatan dan alat kesehatan."",""Jawa Timur"""
"446,2027-07-03,@bpbd_sumsel,""BPBD Sumsel mempercepat distribusi bantuan ke wilayah OKU Timur."",""Sumatera Selatan"""
"447,2027-07-05,@korban_banjir,""Saya sudah 3 minggu di pengungsian, belum ada rencana pemulihan. Kapan pulang rumah?"",""DKI Jakarta"""
"448,2027-07-07,@dinas_lingkungan,""Dinas Lingkungan Hidup DKI membersihkan sungai agar banjir tidak terulang."",""DKI Jakarta"""
"449,2027-07-09,@warga_banyuwangi,""Di Banyuwangi, bantuan datang tepat waktu. Terima kasih tim SAR dan BPBD."",""Jawa Timur"""
"450,2027-07-11,@pemda_bengkulu,""Pemprov Bengkulu memberikan bantuan uang tunai kepada warga terdampak longsor."",""Bengkulu"""
"451,2027-07-13,@bencana_jambi,""Banjir di Jambi masih berlangsung. BPBD diminta lebih proaktif."",""Jambi"""
"452,2027-07-15,@warga_kupang,""Kami di Kupang sudah dapat bantuan, tapi masih butuh air bersih dan listrik."",""Nusa Tenggara Timur"""
"453,2027-07-17,@relawan_sultra,""Tim relawan Sultra sudah bergerak ke Konawe. Butuh dukungan logistik tambahan."",""Sulawesi Tenggara"""
"454,2027-07-19,@bpbd_kaltim,""BPBD Kaltim menyalurkan bantuan ke 3 kabupaten terdampak banjir."",""Kalimantan Timur"""
"455,2027-07-21,@warga_cirebon,""Saya apresiasi BPBD Cirebon yang sigap. Bantuan datang dalam 24 jam."",""Jawa Barat"""
"456,2027-07-23,@korban_gempa_jatim,""Saya kehilangan rumah, tapi setidaknya ada tempat pengungsian. Terima kasih pemerintah."",""Jawa Timur"""
"457,2027-07-25,@media_nasional,""BNPB: Total bantuan yang disalurkan sejak Januari mencapai Rp 520 Miliar."",""Nasional"""
"458,2027-07-27,@warga_tegal,""Kenapa kami di Tegal belum dapat bantuan? Padahal banjir sudah seminggu."",""Jawa Tengah"""
"459,2027-07-29,@dinas_sosial_jateng,""Dinas Sosial Jateng menyalurkan bantuan darurat ke 15 kecamatan terdampak banjir."",""Jawa Tengah"""
"460,2027-07-31,@pemda_bali,""Pemprov Bali memberikan bantuan uang tunai kepada warga terdampak banjir di Badung."",""Bali"""
"461,2027-08-02,@warga_malang,""Kami di Malang sudah dapat bantuan, tapi masih butuh obat-obatan dan alat kesehatan."",""Jawa Timur"""
"462,2027-08-04,@bpbd_jogja,""BPBD DIY mempercepat distribusi tenda dan air bersih ke wilayah Sleman."",""DI Yogyakarta"""
"463,2027-08-06,@korban_longson,""Saya kehilangan keluarga, tapi pemerintah memberi tempat tinggal sementara. Syukur alhamdulillah."",""Jawa Barat"""
"464,2027-08-08,@media_bencana,""BNPB: 95% wilayah terdampak sudah terlayani. Masih ada 5% daerah sulit dijangkau."",""Nasional"""
"465,2027-08-10,@warga_palopo,""Di Palopo, bantuan datang tapi tidak merata. Ada yang dapat 2x, ada yang belum dapat sama sekali."",""Sulawesi Selatan"""
"466,2027-08-12,@relawan_nusantara,""Relawan dari 10 provinsi sudah bergerak ke NTT. Butuh dukungan transportasi."",""Nusa Tenggara Timur"""
"467,2027-08-14,@pemda_kalteng,""Pemprov Kalteng menyalurkan bantuan ke 5 kabupaten terdampak kebakaran hutan."",""Kalimantan Tengah"""
"468,2027-08-16,@warga_madiun,""Kami di Madiun sudah dapat bantuan, tapi masih butuh obat-obatan dan alat kesehatan."",""Jawa Timur"""
"469,2027-08-18,@bpbd_sumsel,""BPBD Sumsel mempercepat distribusi bantuan ke wilayah OKU Timur."",""Sumatera Selatan"""
"470,2027-08-20,@korban_banjir,""Saya sudah 3 minggu di pengungsian, belum ada rencana pemulihan. Kapan pulang rumah?"",""DKI Jakarta"""
"471,2027-08-22,@dinas_lingkungan,""Dinas Lingkungan Hidup DKI membersihkan sungai agar banjir tidak terulang."",""DKI Jakarta"""
"472,2027-08-24,@warga_banyuwangi,""Di Banyuwangi, bantuan datang tepat waktu. Terima kasih tim SAR dan BPBD."",""Jawa Timur"""
"473,2027-08-26,@pemda_bengkulu,""Pemprov Bengkulu memberikan bantuan uang tunai kepada warga terdampak longsor."",""Bengkulu"""
"474,2027-08-28,@bencana_jambi,""Banjir di Jambi masih berlangsung. BPBD diminta lebih proaktif."",""Jambi"""
"475,2027-08-30,@warga_kupang,""Kami di Kupang sudah dapat bantuan, tapi masih butuh air bersih dan listrik."",""Nusa Tenggara Timur"""
"476,2027-09-01,@relawan_sultra,""Tim relawan Sultra sudah bergerak ke Konawe. Butuh dukungan logistik tambahan."",""Sulawesi Tenggara"""
"477,2027-09-03,@bpbd_kaltim,""BPBD Kaltim menyalurkan bantuan ke 3 kabupaten terdampak banjir."",""Kalimantan Timur"""
"478,2027-09-05,@warga_cirebon,""Saya apresiasi BPBD Cirebon yang sigap. Bantuan datang dalam 24 jam."",""Jawa Barat"""
"479,2027-09-07,@korban_gempa_jatim,""Saya kehilangan rumah, tapi setidaknya ada tempat pengungsian. Terima kasih pemerintah."",""Jawa Timur"""
"480,2027-09-09,@media_nasional,""BNPB: Total bantuan yang disalurkan sejak Januari mencapai Rp 540 Miliar."",""Nasional"""
"481,2027-09-11,@warga_tegal,""Kenapa kami di Tegal belum dapat bantuan? Padahal banjir sudah seminggu."",""Jawa Tengah"""
"482,2027-09-13,@dinas_sosial_jateng,""Dinas Sosial Jateng menyalurkan bantuan darurat ke 15 kecamatan terdampak banjir."",""Jawa Tengah"""
"483,2027-09-15,@pemda_bali,""Pemprov Bali memberikan bantuan uang tunai kepada warga terdampak banjir di Badung."",""Bali"""
"484,2027-09-17,@warga_malang,""Kami di Malang sudah dapat bantuan, tapi masih butuh obat-obatan dan alat kesehatan."",""Jawa Timur"""
"485,2027-09-19,@bpbd_jogja,""BPBD DIY mempercepat distribusi tenda dan air bersih ke wilayah Sleman."",""DI Yogyakarta"""
"486,2027-09-21,@korban_longson,""Saya kehilangan keluarga, tapi pemerintah memberi tempat tinggal sementara. Syukur alhamdulillah."",""Jawa Barat"""
"487,2027-09-23,@media_bencana,""BNPB: 95% wilayah terdampak sudah terlayani. Masih ada 5% daerah sulit dijangkau."",""Nasional"""
"488,2027-09-25,@warga_palopo,""Di Palopo, bantuan datang tapi tidak merata. Ada yang dapat 2x, ada yang belum dapat sama sekali."",""Sulawesi Selatan"""
"489,2027-09-27,@relawan_nusantara,""Relawan dari 10 provinsi sudah bergerak ke NTT. Butuh dukungan transportasi."",""Nusa Tenggara Timur"""
"490,2027-09-29,@pemda_kalteng,""Pemprov Kalteng menyalurkan bantuan ke 5 kabupaten terdampak kebakaran hutan."",""Kalimantan Tengah"""
"491,2027-10-01,@warga_madiun,""Kami di Madiun sudah dapat bantuan, tapi masih butuh obat-obatan dan alat kesehatan."",""Jawa Timur"""
"492,2027-10-03,@bpbd_sumsel,""BPBD Sumsel mempercepat distribusi bantuan ke wilayah OKU Timur."",""Sumatera Selatan"""
"493,2027-10-05,@korban_banjir,""Saya sudah 3 minggu di pengungsian, belum ada rencana pemulihan. Kapan pulang rumah?"",""DKI Jakarta"""
"494,2027-10-07,@dinas_lingkungan,""Dinas Lingkungan Hidup DKI membersihkan sungai agar banjir tidak terulang."",""DKI Jakarta"""
"495,2027-10-09,@warga_banyuwangi,""Di Banyuwangi, bantuan datang tepat waktu. Terima kasih tim SAR dan BPBD."",""Jawa Timur"""
"496,2027-10-11,@pemda_bengkulu,""Pemprov Bengkulu memberikan bantuan uang tunai kepada warga terdampak longsor."",""Bengkulu"""
"497,2027-10-13,@bencana_jambi,""Banjir di Jambi masih berlangsung. BPBD diminta lebih proaktif."",""Jambi"""
"498,2027-10-15,@warga_kupang,""Kami di Kupang sudah dapat bantuan, tapi masih butuh air bersih dan listrik."",""Nusa Tenggara Timur"""
"499,2027-10-17,@relawan_sultra,""Tim relawan Sultra sudah bergerak ke Konawe. Butuh dukungan logistik tambahan."",""Sulawesi Tenggara"""
"500,2027-10-19,@bpbd_kaltim,""BPBD Kaltim menyalurkan bantuan ke 3 kabupaten terdampak banjir."",""Kalimantan Timur"""